Model,Test Loss,Test Accuracy
ResNet18,0.08751536767522339,0.987146529562982
EfficientNet,0.0005296931186211833,1.0
RegNet,0.09713923784525272,0.9408740359897172
